{
  "random_walk": {
    "label": "Random movement",
    "baseline_adv4": 0.5958333333333333,
    "pact_adv4": 0.7416666666666667,
    "pact_mix_adv4": 0.75,
    "pact_gain_vs_baseline": 0.14583333333333337,
    "pact_mix_gain_vs_baseline": 0.15416666666666667,
    "pact_mix_gain_vs_pact": 0.008333333333333304,
    "baseline_drop": 0.025000000000000022,
    "pact_drop": 0.016666666666666607,
    "pact_mix_drop": 0.008333333333333304
  },
  "goal_blocking": {
    "label": "Goal blocking",
    "baseline_adv4": 0.39166666666666666,
    "pact_adv4": 0.4791666666666667,
    "pact_mix_adv4": 0.4875,
    "pact_gain_vs_baseline": 0.08750000000000002,
    "pact_mix_gain_vs_baseline": 0.09583333333333333,
    "pact_mix_gain_vs_pact": 0.008333333333333304,
    "baseline_drop": 0.21249999999999997,
    "pact_drop": 0.24999999999999994,
    "pact_mix_drop": 0.2625
  },
  "astar_pursuit": {
    "label": "A* pursuit",
    "baseline_adv4": 0.5291666666666667,
    "pact_adv4": 0.6958333333333333,
    "pact_mix_adv4": 0.675,
    "pact_gain_vs_baseline": 0.16666666666666663,
    "pact_mix_gain_vs_baseline": 0.14583333333333337,
    "pact_mix_gain_vs_pact": -0.02083333333333326,
    "baseline_drop": 0.12083333333333335,
    "pact_drop": 0.033333333333333326,
    "pact_mix_drop": 0.0708333333333333
  },
  "mixed": {
    "label": "Mixed adversary",
    "baseline_adv4": 0.6041666666666666,
    "pact_adv4": 0.7208333333333333,
    "pact_mix_adv4": 0.7625,
    "pact_gain_vs_baseline": 0.1166666666666667,
    "pact_mix_gain_vs_baseline": 0.15833333333333333,
    "pact_mix_gain_vs_pact": 0.04166666666666663,
    "baseline_drop": -0.033333333333333326,
    "pact_drop": -0.025000000000000022,
    "pact_mix_drop": -0.004166666666666652
  },
  "macro": {
    "baseline_mean_adv4": 0.5302083333333333,
    "pact_mean_adv4": 0.659375,
    "pact_mix_mean_adv4": 0.66875
  },
  "baseline_astar_auc": 0.5859375,
  "pact_astar_auc": 0.7057291666666666,
  "pact_mix_astar_auc": 0.7140625
}